<?XML version="1.0" encoding="UTF-8"?>

<!DOCTYPE hibernate-configuration PUBLIC "-//Hibernate/Hibernate Configuration DTD 3.0//EN" "http://www.hibernate.org/dtd/hibernate-configuration-3.0.dtd">
<hibernate-configuration>
<session-factory>
<!-- Connection to database -->
<property name="connection.driver_class">com.mysql.jdbc.Driver</property>
<property name="connection.url">jdbc:mysql@127.0.0.1:3306</property>
<property name="dialect">org.hibernate.dialect.MySQLDialect</property>
<property name="connection.username">root</property>
<property name="connection.password">root</property>

<!-- auto commit false -->
<property name="connection.autocommit">false</property>

<!-- To display SQL queries generated while running the program -->
<property name="connection.show_sql">true</property>
<property name="connection.format_sql">true</property>
<property name="connection.use_sql_comments">true</property>

<!-- For JDBC connection -->
<property name="hibernate.transaction.factory_class">org.hibernate.transaction.JDBCTransactionFactory</property>

<!-- mapping file -->
<mapping resource="de/laliluna/example/Honey.hbm.xml" />

</session-factory>
</hibernate-configuration>